sku,gallery
3018,Fairytale_Princess_1.jpg
3475,Noahs_Ark_3.jpg
1812x,The_Tea_Party_2.jpg
3460,Doubles_2.jpg
3468x,Doubles_3.jpg
2751,Fore_1.jpg
3465,Kickoff_green.jpg
3778x,Match_Point.jpg
3493,Play_Ball.jpg
3025,Cookie_Concerto.jpg
3021,House_Warmer.jpg
2485x,New_York_New_York.jpg
3473,Smiley_dbl_sm_with_type.jpg
1984x,The_Big_Apple.jpg
3463x,Gracious_Thank_You_1.jpg
3486x,Thank_You_Note.jpg
1981x,Thanks_Again_box.jpg
brooklyn,World_Of_Thanks.jpg
3406,Feel_Better_box.jpg
3469x,Thank_You_box.jpg
2425,Text_Me_box.jpg
3382,Hanukkah_Holiday_box.jpg
1818,Snowballs_box_1.jpg
2859,Pumpkin_Chocolate_Chip_tin.jpg
3491x,Candy_Land_box.jpg
1156,Ring_in_the_New_Year_box.jpg
1958,brown_gift_box.jpg
